{"options":{"check_for_updates":true,"comment":null,"compatopts_for_requires":true,"compat_wrappedjsobject":false,"compat_metadata":false,"compat_foreach":false,"compat_arrayleft":false,"compat_uW_gmonkey":false,"compat_forvarin":false,"noframes":null,"awareOfChrome":false,"run_at":null,"override":{"use_includes":[],"orig_includes":[],"merge_includes":true,"use_matches":[],"orig_matches":["*://www.jianshu.com/go-wild*","*://link.zhihu.com/*","*://t.cn/*","*://mail.qq.com/cgi-bin/*","*://c.pc.qq.com/middlem.html*","*://app.yinxiang.com/OutboundRedirect.action*","*://jump2.bdimg.com/safecheck/*","*://link.csdn.net/*","*://www.youtube.com/redirect*","*://weixin110.qq.com/cgi-bin/mmspamsupport-bin/newredirectconfirmcgi*","*://developers.weixin.qq.com/community/middlepage/href*","*://www.itdaan.com/link/*"],"merge_matches":true,"use_excludes":[],"orig_excludes":[],"merge_excludes":true,"use_connects":[],"merge_connects":true,"use_blockers":[],"orig_run_at":"document-start","orig_noframes":null,"orig_connects":[]}},"settings":{"enabled":true,"position":15},"meta":{"name":"redirect 外链跳转","uuid":"eaa7cc0d-1598-49ab-8051-e8d94910f4d4","modified":1611751596658,"file_url":"https://greasyfork.org/scripts/416338-redirect-%E8%87%AA%E5%8A%A8%E8%B7%B3%E8%BD%AC%E5%88%B0%E7%9B%AE%E6%A0%87%E9%93%BE%E6%8E%A5/code/redirect%20%E8%87%AA%E5%8A%A8%E8%B7%B3%E8%BD%AC%E5%88%B0%E7%9B%AE%E6%A0%87%E9%93%BE%E6%8E%A5.user.js"}}