{"options":{"check_for_updates":true,"comment":null,"compatopts_for_requires":true,"compat_wrappedjsobject":false,"compat_metadata":false,"compat_foreach":false,"compat_arrayleft":false,"compat_uW_gmonkey":false,"compat_forvarin":false,"noframes":null,"awareOfChrome":false,"run_at":null,"override":{"use_includes":[],"orig_includes":["*"],"merge_includes":true,"use_matches":[],"orig_matches":[],"merge_matches":true,"use_excludes":[],"orig_excludes":[],"merge_excludes":true,"use_connects":[],"merge_connects":true,"use_blockers":[],"orig_run_at":"context-menu","orig_noframes":null,"orig_connects":[]}},"settings":{"enabled":true,"position":9},"meta":{"name":"search In GreasyFork","uuid":"3025b38a-ba3f-46b5-b40b-bf0ef9695fde","modified":1611708309868,"file_url":"https://greasyfork.org/scripts/402715-search-in-greasyfork/code/search%20In%20GreasyFork.user.js"}}