{"options":{"check_for_updates":true,"comment":null,"compatopts_for_requires":true,"compat_wrappedjsobject":false,"compat_metadata":false,"compat_foreach":false,"compat_arrayleft":false,"compat_prototypes":false,"compat_uW_gmonkey":false,"compat_forvarin":false,"noframes":null,"awareOfChrome":true,"run_at":null,"override":{"use_includes":[],"orig_includes":[],"merge_includes":true,"use_matches":[],"orig_matches":["http://*/*","https://*/*"],"merge_matches":true,"use_excludes":[],"orig_excludes":[],"merge_excludes":true,"use_connects":[],"merge_connects":true,"use_blockers":[],"orig_run_at":"document-idle","orig_noframes":null,"orig_connects":[]}},"settings":{"enabled":true,"position":1},"meta":{"name":"万能验证码自动输入","uuid":"f4c014f4-f720-42da-bee8-34d2bdccb703","modified":1611707924690,"file_url":"https://greasyfork.org/scripts/397139-%E4%B8%87%E8%83%BD%E9%AA%8C%E8%AF%81%E7%A0%81%E8%87%AA%E5%8A%A8%E8%BE%93%E5%85%A5/code/%E4%B8%87%E8%83%BD%E9%AA%8C%E8%AF%81%E7%A0%81%E8%87%AA%E5%8A%A8%E8%BE%93%E5%85%A5.user.js"}}