{"options":{"check_for_updates":true,"comment":null,"compatopts_for_requires":true,"compat_wrappedjsobject":false,"compat_metadata":false,"compat_foreach":false,"compat_arrayleft":false,"compat_uW_gmonkey":false,"compat_forvarin":false,"noframes":null,"awareOfChrome":false,"run_at":null,"override":{"use_includes":[],"orig_includes":[],"merge_includes":true,"use_matches":[],"orig_matches":["*://*/*"],"merge_matches":true,"use_excludes":[],"orig_excludes":[],"merge_excludes":true,"use_connects":[],"merge_connects":true,"use_blockers":[],"orig_run_at":"document-idle","orig_noframes":null,"orig_connects":[]}},"settings":{"enabled":true,"position":18},"meta":{"name":"去除网页openwrite微信引流_自动展开全文","uuid":"9cf96cf8-c212-44a3-96c1-174e3c20e26d","modified":1611711159943,"file_url":"https://greasyfork.org/scripts/408227-%E5%8E%BB%E9%99%A4%E7%BD%91%E9%A1%B5openwrite%E5%BE%AE%E4%BF%A1%E5%BC%95%E6%B5%81-%E8%87%AA%E5%8A%A8%E5%B1%95%E5%BC%80%E5%85%A8%E6%96%87/code/%E5%8E%BB%E9%99%A4%E7%BD%91%E9%A1%B5openwrite%E5%BE%AE%E4%BF%A1%E5%BC%95%E6%B5%81_%E8%87%AA%E5%8A%A8%E5%B1%95%E5%BC%80%E5%85%A8%E6%96%87.user.js"}}