{"options":{"check_for_updates":true,"comment":null,"compatopts_for_requires":true,"compat_wrappedjsobject":false,"compat_metadata":false,"compat_foreach":false,"compat_arrayleft":false,"compat_uW_gmonkey":false,"compat_forvarin":false,"noframes":null,"awareOfChrome":false,"run_at":null,"override":{"use_includes":[],"orig_includes":["*"],"merge_includes":true,"use_matches":[],"orig_matches":[],"merge_matches":true,"use_excludes":[],"orig_excludes":[],"merge_excludes":true,"use_connects":[],"merge_connects":true,"use_blockers":[],"orig_run_at":"context-menu","orig_noframes":null,"orig_connects":[]}},"settings":{"enabled":true,"position":8},"meta":{"name":"在greasyfork中搜索","uuid":"8bc9e152-196f-4bb2-942a-e3a345bc993a","modified":1611708273573,"file_url":"https://greasyfork.org/scripts/402712-%E5%9C%A8greasyfork%E4%B8%AD%E6%90%9C%E7%B4%A2/code/%E5%9C%A8greasyfork%E4%B8%AD%E6%90%9C%E7%B4%A2.user.js"}}