{"options":{"check_for_updates":true,"comment":null,"compatopts_for_requires":true,"compat_wrappedjsobject":false,"compat_metadata":false,"compat_foreach":false,"compat_arrayleft":false,"compat_uW_gmonkey":false,"compat_forvarin":false,"noframes":null,"awareOfChrome":false,"run_at":null,"override":{"use_includes":[],"orig_includes":[],"merge_includes":true,"use_matches":[],"orig_matches":["*://baike.baidu.com/item/*"],"merge_matches":true,"use_excludes":[],"orig_excludes":[],"merge_excludes":true,"use_connects":[],"merge_connects":true,"use_blockers":[],"orig_run_at":"document-idle","orig_noframes":null,"orig_connects":[]}},"settings":{"enabled":true,"position":2},"meta":{"name":"干他凉的百度百科","uuid":"1c512ec5-dcc8-46b3-a00b-3cc6894ed596","modified":1611707990893,"file_url":"https://greasyfork.org/scripts/380543-%E5%B9%B2%E4%BB%96%E5%87%89%E7%9A%84%E7%99%BE%E5%BA%A6%E7%99%BE%E7%A7%91/code/%E5%B9%B2%E4%BB%96%E5%87%89%E7%9A%84%E7%99%BE%E5%BA%A6%E7%99%BE%E7%A7%91.user.js"}}