{"options":{"check_for_updates":true,"comment":null,"compatopts_for_requires":true,"compat_wrappedjsobject":false,"compat_metadata":false,"compat_foreach":false,"compat_arrayleft":false,"compat_uW_gmonkey":false,"compat_forvarin":false,"noframes":null,"awareOfChrome":false,"run_at":null,"override":{"use_includes":[],"orig_includes":[],"merge_includes":true,"use_matches":[],"orig_matches":["*://*.weibo.com/*","*://weibo.com/*"],"merge_matches":true,"use_excludes":[],"orig_excludes":[],"merge_excludes":true,"use_connects":[],"merge_connects":true,"use_blockers":[],"orig_run_at":"document-idle","orig_noframes":null,"orig_connects":[]}},"settings":{"enabled":true,"position":17},"meta":{"name":"微博助手","uuid":"b85a98d5-3733-4a6f-8c96-36022d21aafb","modified":1611710719846,"file_url":"https://greasyfork.org/scripts/371915-%E5%BE%AE%E5%8D%9A%E5%8A%A9%E6%89%8B/code/%E5%BE%AE%E5%8D%9A%E5%8A%A9%E6%89%8B.user.js"}}