{"options":{"check_for_updates":true,"comment":null,"compatopts_for_requires":true,"compat_wrappedjsobject":false,"compat_metadata":false,"compat_foreach":false,"compat_arrayleft":false,"compat_uW_gmonkey":false,"compat_forvarin":false,"noframes":null,"awareOfChrome":false,"run_at":null,"override":{"use_includes":[],"orig_includes":[],"merge_includes":true,"use_matches":[],"orig_matches":["*://*.weibo.com/*","*://*.weibo.cn/*"],"merge_matches":true,"use_excludes":[],"orig_excludes":[],"merge_excludes":true,"use_connects":[],"merge_connects":true,"use_blockers":[],"orig_run_at":"document-end","orig_noframes":null,"orig_connects":[]}},"settings":{"enabled":true,"position":16},"meta":{"name":"微博去除推荐内容","uuid":"9b8aa197-1541-4f23-8586-86d27d4b823c","modified":1611710644505,"file_url":"https://greasyfork.org/scripts/407563-%E5%BE%AE%E5%8D%9A%E5%8E%BB%E9%99%A4%E6%8E%A8%E8%8D%90%E5%86%85%E5%AE%B9/code/%E5%BE%AE%E5%8D%9A%E5%8E%BB%E9%99%A4%E6%8E%A8%E8%8D%90%E5%86%85%E5%AE%B9.user.js"}}