{"options":{"check_for_updates":true,"comment":null,"compatopts_for_requires":true,"compat_wrappedjsobject":false,"compat_metadata":false,"compat_foreach":false,"compat_arrayleft":false,"compat_uW_gmonkey":false,"compat_forvarin":false,"noframes":null,"awareOfChrome":false,"run_at":null,"override":{"use_includes":[],"orig_includes":[],"merge_includes":true,"use_matches":[],"orig_matches":["*://*.baidu.com/*"],"merge_matches":true,"use_excludes":[],"orig_excludes":[],"merge_excludes":true,"use_connects":[],"merge_connects":true,"use_blockers":[],"orig_run_at":"document-idle","orig_noframes":null,"orig_connects":[]}},"settings":{"enabled":true,"position":12},"meta":{"name":"百度系网站去广告","uuid":"5563cdec-af53-4576-9c71-27cf738f7fe7","modified":1611710065363,"file_url":"https://greasyfork.org/scripts/394099-%E7%99%BE%E5%BA%A6%E7%B3%BB%E7%BD%91%E7%AB%99%E5%8E%BB%E5%B9%BF%E5%91%8A/code/%E7%99%BE%E5%BA%A6%E7%B3%BB%E7%BD%91%E7%AB%99%E5%8E%BB%E5%B9%BF%E5%91%8A.user.js"}}