{"options":{"check_for_updates":true,"comment":null,"compatopts_for_requires":true,"compat_wrappedjsobject":false,"compat_metadata":false,"compat_foreach":false,"compat_arrayleft":false,"compat_uW_gmonkey":false,"compat_forvarin":false,"noframes":null,"awareOfChrome":false,"run_at":null,"override":{"use_includes":[],"orig_includes":[],"merge_includes":true,"use_matches":[],"orig_matches":["*://baike.baidu.com/*"],"merge_matches":true,"use_excludes":[],"orig_excludes":[],"merge_excludes":true,"use_connects":[],"merge_connects":true,"use_blockers":[],"orig_run_at":"document-idle","orig_noframes":null,"orig_connects":[]}},"settings":{"enabled":false,"position":4},"meta":{"name":"百度百科添加维基镜像","uuid":"3edabec2-0e3e-4928-b1b8-eeb1e5911072","modified":1611708035494,"file_url":"https://greasyfork.org/scripts/36100-%E7%99%BE%E5%BA%A6%E7%99%BE%E7%A7%91%E6%B7%BB%E5%8A%A0%E7%BB%B4%E5%9F%BA%E9%95%9C%E5%83%8F/code/%E7%99%BE%E5%BA%A6%E7%99%BE%E7%A7%91%E6%B7%BB%E5%8A%A0%E7%BB%B4%E5%9F%BA%E9%95%9C%E5%83%8F.user.js"}}