{"options":{"check_for_updates":true,"comment":null,"compatopts_for_requires":true,"compat_wrappedjsobject":false,"compat_metadata":false,"compat_foreach":false,"compat_arrayleft":false,"compat_uW_gmonkey":false,"compat_forvarin":false,"noframes":null,"awareOfChrome":false,"run_at":null,"override":{"use_includes":[],"orig_includes":[],"merge_includes":true,"use_matches":[],"orig_matches":["https://baike.baidu.com/*","https://jingyan.baidu.com/*","https://tieba.baidu.com/*"],"merge_matches":true,"use_excludes":[],"orig_excludes":[],"merge_excludes":true,"use_connects":[],"merge_connects":true,"use_blockers":[],"orig_run_at":"document-idle","orig_noframes":null,"orig_connects":[]}},"settings":{"enabled":true,"position":5},"meta":{"name":"百度百科、百度经验、百度贴吧 禁止自动播放视频","uuid":"dd67f945-03da-44a0-9ae3-8ba78af24501","modified":1611708199095,"file_url":"https://greasyfork.org/scripts/406560-%E7%99%BE%E5%BA%A6%E7%99%BE%E7%A7%91-%E7%99%BE%E5%BA%A6%E7%BB%8F%E9%AA%8C-%E7%99%BE%E5%BA%A6%E8%B4%B4%E5%90%A7-%E7%A6%81%E6%AD%A2%E8%87%AA%E5%8A%A8%E6%92%AD%E6%94%BE%E8%A7%86%E9%A2%91/code/%E7%99%BE%E5%BA%A6%E7%99%BE%E7%A7%91%E3%80%81%E7%99%BE%E5%BA%A6%E7%BB%8F%E9%AA%8C%E3%80%81%E7%99%BE%E5%BA%A6%E8%B4%B4%E5%90%A7%20%E7%A6%81%E6%AD%A2%E8%87%AA%E5%8A%A8%E6%92%AD%E6%94%BE%E8%A7%86%E9%A2%91.user.js"}}