{"options":{"check_for_updates":true,"comment":null,"compatopts_for_requires":true,"compat_wrappedjsobject":false,"compat_metadata":false,"compat_foreach":false,"compat_arrayleft":false,"compat_uW_gmonkey":false,"compat_forvarin":false,"noframes":null,"awareOfChrome":false,"run_at":null,"override":{"use_includes":[],"orig_includes":[],"merge_includes":true,"use_matches":[],"orig_matches":["*://baike.baidu.com/item/*"],"merge_matches":true,"use_excludes":[],"orig_excludes":[],"merge_excludes":true,"use_connects":[],"merge_connects":true,"use_blockers":[],"orig_run_at":"document-idle","orig_noframes":null,"orig_connects":[]}},"settings":{"enabled":true,"position":3},"meta":{"name":"百度百科 排版优化","uuid":"f20a000a-1b7b-44b6-a07c-c2d68ffbf695","modified":1611708023520,"file_url":"https://greasyfork.org/scripts/385067-%E7%99%BE%E5%BA%A6%E7%99%BE%E7%A7%91-%E6%8E%92%E7%89%88%E4%BC%98%E5%8C%96/code/%E7%99%BE%E5%BA%A6%E7%99%BE%E7%A7%91%20%E6%8E%92%E7%89%88%E4%BC%98%E5%8C%96.user.js"}}