{"options":{"check_for_updates":true,"comment":null,"compatopts_for_requires":true,"compat_wrappedjsobject":false,"compat_metadata":false,"compat_foreach":false,"compat_arrayleft":false,"compat_uW_gmonkey":false,"compat_forvarin":false,"noframes":null,"awareOfChrome":false,"run_at":null,"override":{"use_includes":[],"orig_includes":[],"merge_includes":true,"use_matches":[],"orig_matches":["https://weibo.com/*","https://www.weibo.com/*"],"merge_matches":true,"use_excludes":[],"orig_excludes":[],"merge_excludes":true,"use_connects":[],"merge_connects":true,"use_blockers":[],"orig_run_at":"document-idle","orig_noframes":null,"orig_connects":[]}},"settings":{"enabled":true,"position":13},"meta":{"name":"让微博按正确的时间线排序","uuid":"a3690413-4a95-43e8-a9f9-554048660894","modified":1611710441181,"file_url":"https://greasyfork.org/scripts/384547-%E8%AE%A9%E5%BE%AE%E5%8D%9A%E6%8C%89%E6%AD%A3%E7%A1%AE%E7%9A%84%E6%97%B6%E9%97%B4%E7%BA%BF%E6%8E%92%E5%BA%8F/code/%E8%AE%A9%E5%BE%AE%E5%8D%9A%E6%8C%89%E6%AD%A3%E7%A1%AE%E7%9A%84%E6%97%B6%E9%97%B4%E7%BA%BF%E6%8E%92%E5%BA%8F.user.js"}}