{"options":{"check_for_updates":true,"comment":null,"compatopts_for_requires":true,"compat_wrappedjsobject":false,"compat_metadata":false,"compat_foreach":false,"compat_arrayleft":false,"compat_uW_gmonkey":false,"compat_forvarin":false,"noframes":null,"awareOfChrome":false,"run_at":null,"override":{"use_includes":[],"orig_includes":[],"merge_includes":true,"use_matches":[],"orig_matches":["*://*.hao245.com/*","*://*.2345.com/*","*://*.hao123.com/*","*://*.hao245.com/*"],"merge_matches":true,"use_excludes":[],"orig_excludes":["/(^http:\\/\\/[^#\\?\\/]*(:[0-9]{1,5})?\\/.*$)/","/(^[^:\\/#\\?]*:\\/\\/([^#\\?\\/]*\\.)?pos\\.baidu\\.com(:[0-9]{1,5})?\\/.*$)/","/(^[^:\\/#\\?]*:\\/\\/([^#\\?\\/]*\\.)?www\\.google\\.com(:[0-9]{1,5})?\\/.*$)/","/(^[^:\\/#\\?]*:\\/\\/([^#\\?\\/]*\\.)?clients5\\.google\\.com(:[0-9]{1,5})?\\/.*$)/","/(^[^:\\/#\\?]*:\\/\\/([^#\\?\\/]*\\.)?notifications\\.google\\.com(:[0-9]{1,5})?\\/.*$)/"],"merge_excludes":true,"use_connects":[],"merge_connects":true,"use_blockers":[],"orig_run_at":"document-start","orig_noframes":null,"orig_connects":[]}},"settings":{"enabled":true,"position":7},"meta":{"name":"谷歌访问助手默认打开2345网站的问题破解","uuid":"a1c977af-a5e1-4654-833d-a565811fa873","modified":1611708230741,"file_url":"https://greasyfork.org/scripts/377243-%E8%B0%B7%E6%AD%8C%E8%AE%BF%E9%97%AE%E5%8A%A9%E6%89%8B%E9%BB%98%E8%AE%A4%E6%89%93%E5%BC%802345%E7%BD%91%E7%AB%99%E7%9A%84%E9%97%AE%E9%A2%98%E7%A0%B4%E8%A7%A3/code/%E8%B0%B7%E6%AD%8C%E8%AE%BF%E9%97%AE%E5%8A%A9%E6%89%8B%E9%BB%98%E8%AE%A4%E6%89%93%E5%BC%802345%E7%BD%91%E7%AB%99%E7%9A%84%E9%97%AE%E9%A2%98%E7%A0%B4%E8%A7%A3.user.js"}}