{"options":{"check_for_updates":true,"comment":null,"compatopts_for_requires":true,"compat_wrappedjsobject":false,"compat_metadata":false,"compat_foreach":false,"compat_arrayleft":false,"compat_uW_gmonkey":false,"compat_forvarin":false,"noframes":null,"awareOfChrome":false,"run_at":null,"override":{"use_includes":[],"orig_includes":["*"],"merge_includes":true,"use_matches":[],"orig_matches":[],"merge_matches":true,"use_excludes":[],"orig_excludes":[],"merge_excludes":true,"use_connects":[],"merge_connects":true,"use_blockers":[],"orig_run_at":"document-end","orig_noframes":null,"orig_connects":[]}},"settings":{"enabled":true,"position":14},"meta":{"name":"配合网盘密码自动提取，融合链接与提取码","uuid":"23a22212-4598-46f4-9c3c-24c96726777b","modified":1611710523010,"file_url":"https://greasyfork.org/scripts/13494-%E9%85%8D%E5%90%88%E7%BD%91%E7%9B%98%E5%AF%86%E7%A0%81%E8%87%AA%E5%8A%A8%E6%8F%90%E5%8F%96-%E8%9E%8D%E5%90%88%E9%93%BE%E6%8E%A5%E4%B8%8E%E6%8F%90%E5%8F%96%E7%A0%81/code/%E9%85%8D%E5%90%88%E7%BD%91%E7%9B%98%E5%AF%86%E7%A0%81%E8%87%AA%E5%8A%A8%E6%8F%90%E5%8F%96%EF%BC%8C%E8%9E%8D%E5%90%88%E9%93%BE%E6%8E%A5%E4%B8%8E%E6%8F%90%E5%8F%96%E7%A0%81.user.js"}}